"","Mean","Median","SD","Low2.5p","Up97.5p"
"(Intercept)",1219.18268420897,1218.78454811035,201.736155576878,814.829184536417,1620.2946497131
"Rtotal",18.3850022809695,18.4051562672521,3.89367711542472,10.6048913049346,25.9399905337742
"Hmean",3.02533227495639,3.01866318806544,0.927707646109539,1.20456440517849,4.84489758967458
"Tmean",0.834728408779166,0.830873157338241,1.04891450098779,-1.23907875097507,2.93340310561901
"sig2eps",0.00523195281639294,0.00522969830694628,0.000110355924087612,0.00502233880829437,0.00545761741954315
"sig2eta",26287393.6420814,25037965.6397473,8589373.52377005,13468093.8086683,46512353.467854
"phi",0.000167908181562592,0.000167908181562592,0,0.000167908181562592,0.000167908181562592
