"","Mean","Median","SD","Low2.5p","Up97.5p"
"(Intercept)",274.935958207538,274.522570022921,70.6361500757392,130.951406223844,416.188072119754
"Rtotal",-0.962879546870601,-0.971573405900877,1.30652560388176,-3.54766300462471,1.65852997156166
"Hmean",-0.0167510001760744,-0.0223334953862913,0.313288725823194,-0.622834465622558,0.59386402390623
"Tmean",-0.268730911535345,-0.275129561202115,0.350029150136204,-0.952389296792987,0.448888443177154
"sig2eps",0.00523253579957985,0.0052302169695905,0.000110843698130554,0.00502055689834036,0.0054552115366742
"sig2eta",3049236.39899014,2905291.97865943,976721.570575526,1607157.88624182,5382665.24604172
"phi",0.000167908181562592,0.000167908181562592,0,0.000167908181562592,0.000167908181562592
