"","Mean","Median","SD","Low2.5p","Up97.5p"
"(Intercept)",3276.71020080562,3275.51024969457,226.635133871362,2833.71774860839,3719.75139201107
"Rtotal",11.056911932026,11.0768867476725,4.52753321381053,1.72309274132635,19.7356128468168
"Rdays",-7.97754402913588,-7.9072697264037,3.9403759778752,-15.9918710751079,-0.308019691454679
"Tmean",-11.5564766061977,-11.5199815384109,2.91780373132261,-17.4259020139352,-5.81440767377147
"sig2eps",0.00582520925411846,0.00581896721656794,0.000220993594678918,0.00540320132144692,0.00626687560503756
"sig2eta",2212091.64019419,2209607.27021717,81085.1672528108,2062940.00960656,2377526.24945722
"phi",0.411123687303338,0.00401681173714807,0.796673239075162,0.00285970889778019,2.84663855537254
