"","Mean","Median","SD","Low2.5p","Up97.5p"
"(Intercept)",1023.58829754238,1025.39057492061,133.583413665062,755.498830566357,1286.56909285962
"Rtotal",25.7306662707734,25.646643515658,8.96517496286443,7.88029967411061,43.4667167576089
"Rdays",10.9135516141075,10.9251403088546,8.20811379409717,-4.90519383624348,27.1017272433544
"Tmean",2.87882852014399,2.8531772613983,1.7384338132194,-0.45566929861952,6.32601276867426
"sig2eps",0.00576953480509078,0.00576428536594535,0.000210757139768608,0.0053687705335833,0.00619383800905372
"sig2eta",1799845.01044489,1798784.91523983,55094.1003655322,1693262.26705082,1914641.3407058
"phi",1.01868260529738,0.695159552381622,0.990341641319991,0.044067814698906,3.63544144188129
