"","Mean","Median","SD","Low2.5p","Up97.5p"
"(Intercept)",620.275587692036,621.446816606563,200.745132163308,221.474068978545,1012.83707102335
"Rtotal",0.626828707748506,0.602578227953793,2.05260890612771,-3.33280336922122,4.7018352209793
"Rdays",-0.68029763266291,-0.708128183108118,2.66271627333606,-5.90597964204231,4.47392184810863
"Tmean",4.32225451650469,4.30656713975457,2.53630723348135,-0.622670191646032,9.35558245050733
"sig2eps",0.00579676318270904,0.00579341648574988,0.000217685720279959,0.00538149002778869,0.00623482499919689
"sig2eta",726337.650872802,487418.442936959,490762.230790577,453903.40067759,2075409.95000597
"phi",0.00364235014024951,0.00441342501933913,0.00183908226688373,0.000336570511210774,0.00555747275525765
