"","Mean","Median","SD","Low2.5p","Up97.5p"
"(Intercept)",474.619702594787,475.98859702247,98.3585961576323,278.136697513046,668.332639783871
"Rtotal",-2.67860924191458,-2.70095374687866,2.0094725882526,-6.60324656220359,1.21487134990188
"Rdays",2.74964845809585,2.77642675015799,1.70723491221087,-0.718927459657399,6.02963963542027
"Tmean",-1.7746388146445,-1.79224526617863,1.25605520341062,-4.23737329645783,0.751290593450039
"sig2eps",0.00582071718335868,0.00581620736103691,0.000221417396515147,0.00539775747421898,0.00627038593170172
"sig2eta",419343.666291478,418981.153619446,13253.3878204003,394612.421284509,446956.875760376
"phi",1.03068561653237,0.770118393845353,0.896976384332491,0.0704256702128458,3.33323890520178
