"","Mean","Median","SD","Low2.5p","Up97.5p"
"(Intercept)",141.461594584871,140.862235301107,57.5714368784711,30.9974585297122,253.071619635375
"Rtotal",-1.00936722523249,-0.944479649566724,5.99132298857766,-12.8320016481957,10.5724143940684
"Rdays",-0.107160430948333,-0.112503736596542,4.65949371321073,-9.21328966457116,9.36202663876505
"Tmean",-1.20849018361699,-1.2008638743006,0.738156113341517,-2.63325490195082,0.190627844565711
"sig2eps",0.00734664002467575,0.00733045644113334,0.000436807097969028,0.00653580778127442,0.00823442720104474
"sig2eta",73456.3029973733,73366.9444020127,3803.99327077986,66315.0170207645,81310.3408966689
"phi",0.993962825774713,0.696666682739599,1.00791215090739,0.0580828656176503,3.66635160745108
