"","Mean","Median","SD","Low2.5p","Up97.5p"
"(Intercept)",324.863114954605,325.163116972171,103.379017340232,122.105114050415,527.85632283776
"Rtotal",44.1646987701551,44.0332476186073,11.2885474298852,22.2121740994033,65.7638304743925
"Rdays",-2.94012665320477,-3.05734264299033,8.22406228802671,-18.9861972520685,12.9759368740036
"Tmean",3.05332606304981,3.05235919857838,1.32398492506824,0.470487683320854,5.67938963594953
"sig2eps",0.00736226085430589,0.00734096926158232,0.000434328088647641,0.0065542944381421,0.00824708408003043
"sig2eta",248060.035842352,247694.58257493,14286.8423688436,221084.574416525,277624.58016038
"phi",1.14428639409689,0.789990689421933,1.12163733996346,0.0867936752573717,4.3454412779862
