"","Mean","Median","SD","Low2.5p","Up97.5p"
"(Intercept)",183.277401766959,186.652631457903,218.064083194565,-242.27386855778,620.768820803747
"Rtotal",-2.70582810880683,-2.7264713282809,2.28169498454297,-7.19837240695376,1.73933730978769
"Rdays",3.81710083191061,3.79500578360991,2.95170886279386,-1.97168636060594,9.58414677609605
"Tmean",1.25869432245875,1.24431721097895,2.7131667010002,-4.1806654703338,6.54422461656887
"sig2eps",0.00579191664085424,0.00578633330935888,0.000217142784635872,0.00538076342085927,0.0062412012170045
"sig2eta",613951.00276358,613675.295666033,17714.9227949869,579307.824999521,649728.264593372
"phi",0.99092069503265,0.622477468120564,1.11499816794909,0.0373820888859334,4.10040495909152
