"","Mean","Median","SD","Low2.5p","Up97.5p"
"(Intercept)",-12.2703576054088,-12.1375544016163,15.4514810381689,-42.8413137264815,17.8600031948441
"Rtotal",1.23105782065421,1.23231472820223,1.0241510138006,-0.780126874542732,3.22320987738
"Rdays",0.647169712636828,0.664538569211044,0.957029239683496,-1.24991917646393,2.49921457295403
"Tmean",0.487804879018727,0.487424710501242,0.201456211874337,0.0907689806939437,0.888646958948397
"sig2eps",0.0057770918489133,0.00577375744086583,0.00021573102181389,0.00537313502137247,0.00621840053243841
"sig2eta",24206.8218089546,24203.4518433027,694.031774448116,22852.6931245198,25608.6983846026
"phi",1.05005288454032,0.697453258118609,1.05996171452407,0.0604955294493805,3.99148917428128
